timestamp,year,month,day,hour,minute,day_of_week,is_weekend,is_holiday,temperature_c,humidity_percent,wind_speed_mps,solar_irradiance_wm2,total_load_mw,solar_generation_mw,wind_generation_mw,net_load_mw,renewable_ratio,electricity_price_yuan_per_kwh,ev_charging_demand_mw,carbon_intensity_g_per_kwh,period_index,is_peak_hour,is_off_peak_hour,supply_demand_ratio,price_level_1_prob,price_level_2_prob,price_level_3_prob,price_level_4_prob,price_level_5_prob,station_1_prob,station_2_prob,station_3_prob,station_4_prob,station_5_prob,load_change_rate,price_change_rate,load_lag_1,price_lag_1,load_lag_2,price_lag_2,load_lag_3,price_lag_3,load_lag_4,price_lag_4,load_ma_4,price_ma_4,load_ma_8,price_ma_8,load_ma_12,price_ma_12
2024-01-01 00:00:00,2024,1,1,0,0,0,0,0,15.796148347866392,79.75214311555402,3.546035734315165,0.0,340.58,0.0,38.61,301.97,0.113,0.627,0,467.8,0,0,1,1.288,0.1070085648517314,0.21117279024266056,0.22354878809421125,0.2588428600735961,0.1994269967378007,0.009366943167453439,0.14619418617713167,0.20304911715770999,0.3342835919740526,0.30710616152365217,0.0,0.0,340.58,0.627,340.58,0.627,340.58,0.627,340.58,0.627,340.58,0.627,340.58,0.627,340.58,0.627
2024-01-01 00:15:00,2024,1,1,0,15,0,0,1,16.138553980851334,70.86074847384012,3.467257673949252,0.0,286.27,0.0,50.43,235.84,0.176,0.6,0,415.2,0,0,1,1.573,0.1070085648517314,0.21117279024266056,0.22354878809421125,0.2588428600735961,0.1994269967378007,0.009366943167453439,0.14619418617713167,0.20304911715770999,0.3342835919740526,0.30710616152365217,-0.15946326854189907,-0.0430622009569378,340.58,0.627,340.58,0.627,340.58,0.627,340.58,0.627,313.42499999999995,0.6134999999999999,313.42499999999995,0.6134999999999999,313.42499999999995,0.6134999999999999
2024-01-01 00:30:00,2024,1,1,0,30,0,0,0,15.330956360053252,80.18713328083825,3.315226235012137,0.0,359.12,0.0,44.47,314.65,0.124,0.61,0,449.6,0,0,1,1.238,0.1070085648517314,0.21117279024266056,0.22354878809421125,0.2588428600735961,0.1994269967378007,0.009366943167453439,0.14619418617713167,0.20304911715770999,0.3342835919740526,0.30710616152365217,0.2544800363293396,0.016666666666666607,286.27,0.6,340.58,0.627,340.58,0.627,340.58,0.627,328.6566666666667,0.6123333333333333,328.6566666666667,0.6123333333333333,328.6566666666667,0.6123333333333333
2024-01-01 00:45:00,2024,1,1,0,45,0,0,0,13.959765517454926,67.62629476888235,2.3734131956871787,0.0,329.47,0.0,33.34,296.13,0.101,0.622,0,466.2,0,0,1,1.315,0.1070085648517314,0.21117279024266056,0.22354878809421125,0.2588428600735961,0.1994269967378007,0.009366943167453439,0.14619418617713167,0.20304911715770999,0.3342835919740526,0.30710616152365217,-0.08256293161060368,0.01967213114754096,359.12,0.61,286.27,0.6,340.58,0.627,340.58,0.627,328.86,0.61475,328.86,0.61475,328.86,0.61475
2024-01-01 01:00:00,2024,1,1,1,0,0,0,0,20.396514132804914,73.24255882393632,4.073616199401352,0.0,357.53,0.0,57.0,300.53,0.159,0.583,0,436.8,0,0,1,1.278,0.1070085648517314,0.21117279024266056,0.22354878809421125,0.2588428600735961,0.1994269967378007,0.009366943167453439,0.14619418617713167,0.20304911715770999,0.3342835919740526,0.30710616152365217,0.08516708653291638,-0.06270096463022512,329.47,0.622,359.12,0.61,286.27,0.6,340.58,0.627,333.0975,0.60375,334.594,0.6083999999999999,334.594,0.6083999999999999
2024-01-01 01:15:00,2024,1,1,1,15,0,0,0,17.52265507200613,81.67837367564957,3.6159583247348577,0.0,328.68,0.0,50.87,277.81,0.155,0.614,0,439.2,0,0,1,1.372,0.1070085648517314,0.21117279024266056,0.22354878809421125,0.2588428600735961,0.1994269967378007,0.009366943167453439,0.14619418617713167,0.20304911715770999,0.3342835919740526,0.30710616152365217,-0.08069252929824067,0.053173241852487285,357.53,0.583,329.47,0.622,359.12,0.61,286.27,0.6,343.70000000000005,0.60725,333.60833333333335,0.6093333333333333,333.60833333333335,0.6093333333333333
2024-01-01 01:30:00,2024,1,1,1,30,0,0,0,19.076635268229396,70.57578473517027,3.032442186701632,0.0,343.08,0.0,43.41,299.67,0.127,0.585,0,449.1,0,0,1,1.292,0.1070085648517314,0.21117279024266056,0.22354878809421125,0.2588428600735961,0.1994269967378007,0.009366943167453439,0.14619418617713167,0.20304911715770999,0.3342835919740526,0.30710616152365217,0.04381161007667034,-0.04723127035830621,328.68,0.614,357.53,0.583,329.47,0.622,359.12,0.61,339.69,0.601,334.9614285714286,0.6058571428571428,334.9614285714286,0.6058571428571428
2024-01-01 01:45:00,2024,1,1,1,45,0,0,1,15.537234806621566,84.01236977957876,3.2639601570951857,0.0,279.0,0.0,37.91,241.09,0.136,0.623,0,430.4,0,0,1,1.57,0.1070085648517314,0.21117279024266056,0.22354878809421125,0.2588428600735961,0.1994269967378007,0.009366943167453439,0.14619418617713167,0.20304911715770999,0.3342835919740526,0.30710616152365217,-0.1867785939139559,0.06495726495726495,343.08,0.585,328.68,0.614,357.53,0.583,329.47,0.622,327.0725,0.6012500000000001,327.96625,0.608,327.96625,0.608
2024-01-01 02:00:00,2024,1,1,2,0,0,0,0,18.12521489994315,79.23035567842925,4.411929263087097,0.0,327.32,0.0,52.43,274.89,0.16,0.612,0,443.4,1,0,1,1.382,0.1070085648517314,0.21117279024266056,0.22354878809421125,0.2588428600735961,0.1994269967378007,0.03963278749318287,0.16548155623148667,0.2066327723379851,0.31916140319314085,0.26909148074420447,0.17318996415770616,-0.017656500802568198,279.0,0.623,343.08,0.585,328.68,0.614,357.53,0.583,319.52,0.6084999999999999,326.30875000000003,0.606125,327.89444444444445,0.6084444444444445
2024-01-01 02:15:00,2024,1,1,2,15,0,0,0,21.11870726472372,69.52505805437038,3.891230991095993,0.0,373.53,0.0,51.52,322.0,0.138,0.613,0,456.0,1,0,1,1.209,0.1070085648517314,0.21117279024266056,0.22354878809421125,0.2588428600735961,0.1994269967378007,0.03963278749318287,0.16548155623148667,0.2066327723379851,0.31916140319314085,0.26909148074420447,0.1411768300134424,0.0016339869281045694,327.32,0.612,279.0,0.623,343.08,0.585,328.68,0.614,330.73249999999996,0.60825,337.21625,0.6077499999999999,332.45799999999997,0.6089
2024-01-01 02:30:00,2024,1,1,2,30,0,0,0,20.962959129717447,71.04016265409672,3.107130972379526,0.0,348.51,0.0,35.08,313.43,0.101,0.635,0,442.2,1,0,1,1.248,0.1070085648517314,0.21117279024266056,0.22354878809421125,0.2588428600735961,0.1994269967378007,0.03963278749318287,0.16548155623148667,0.2066327723379851,0.31916140319314085,0.26909148074420447,-0.06698257168098942,0.03588907014681886,373.53,0.613,327.32,0.612,279.0,0.623,343.08,0.585,332.09000000000003,0.62075,335.89,0.6108750000000001,333.91727272727275,0.6112727272727273
2024-01-01 02:45:00,2024,1,1,2,45,0,0,0,22.811116849832377,72.64851094180983,3.065798335302948,0.0,351.21,0.0,39.54,311.67,0.113,0.582,0,444.7,1,0,1,1.252,0.1070085648517314,0.21117279024266056,0.22354878809421125,0.2588428600735961,0.1994269967378007,0.03963278749318287,0.16548155623148667,0.2066327723379851,0.31916140319314085,0.26909148074420447,0.007747266936386277,-0.08346456692913395,348.51,0.635,373.53,0.613,327.32,0.612,279.0,0.623,350.1425,0.6105,338.60749999999996,0.605875,335.3583333333333,0.6088333333333333
2024-01-01 03:00:00,2024,1,1,3,0,0,0,0,24.588966922531124,70.73960975385998,4.650301967533952,0.0,366.55,0.0,55.45,311.1,0.151,0.574,0,432.7,1,0,1,1.243,0.1070085648517314,0.21117279024266056,0.22354878809421125,0.2588428600735961,0.1994269967378007,0.03963278749318287,0.16548155623148667,0.2066327723379851,0.31916140319314085,0.26909148074420447,0.04367757182312593,-0.013745704467354014,351.21,0.582,348.51,0.635,373.53,0.613,327.32,0.612,359.95000000000005,0.601,339.735,0.60475,337.5225,0.6044166666666667
2024-01-01 03:15:00,2024,1,1,3,15,0,0,0,23.20519264234417,76.22172757217159,5.278870669742057,0.0,366.94,0.0,63.13,303.81,0.172,0.627,0,433.4,1,0,1,1.262,0.1070085648517314,0.21117279024266056,0.22354878809421125,0.2588428600735961,0.1994269967378007,0.03963278749318287,0.16548155623148667,0.2066327723379851,0.31916140319314085,0.26909148074420447,0.0010639749011047694,0.09233449477351918,366.55,0.574,351.21,0.582,348.51,0.635,373.53,0.613,358.30249999999995,0.6044999999999999,344.5175,0.606375,344.24499999999995,0.6066666666666666
2024-01-01 03:30:00,2024,1,1,3,30,0,0,0,19.954554145660456,73.04910453926479,3.479651328606711,0.0,338.98,0.0,48.94,290.03,0.144,0.632,0,451.7,1,0,1,1.324,0.1070085648517314,0.21117279024266056,0.22354878809421125,0.2588428600735961,0.1994269967378007,0.03963278749318287,0.16548155623148667,0.2066327723379851,0.31916140319314085,0.26909148074420447,-0.07619774350029973,0.00797448165869219,366.94,0.627,366.55,0.574,351.21,0.582,348.51,0.635,355.91999999999996,0.60375,344.005,0.61225,342.56666666666666,0.6084999999999999
2024-01-01 03:45:00,2024,1,1,3,45,0,0,0,23.867805849961194,89.45352611499956,4.147230023892384,0.0,359.58,0.0,51.49,308.09,0.143,0.583,0,428.2,1,0,1,1.256,0.1070085648517314,0.21117279024266056,0.22354878809421125,0.2588428600735961,0.1994269967378007,0.03963278749318287,0.16548155623148667,0.2066327723379851,0.31916140319314085,0.26909148074420447,0.06077054693492223,-0.07753164556962033,338.98,0.632,366.94,0.627,366.55,0.574,351.21,0.582,358.01250000000005,0.604,354.0775,0.60725,345.0758333333333,0.60525
2024-01-01 04:00:00,2024,1,1,4,0,0,0,0,21.45464762460838,75.07696991288897,5.214727402192486,0.0,340.67,0.0,60.93,279.74,0.179,0.586,0,400.6,2,0,1,1.353,0.1070085648517314,0.21117279024266056,0.22354878809421125,0.2588428600735961,0.1994269967378007,0.039780211880799506,0.1245571349044989,0.21983514883091984,0.3254521564718213,0.29037534791196046,-0.052589131764836705,0.005145797598627766,359.58,0.583,338.98,0.632,366.94,0.627,366.55,0.574,351.54249999999996,0.607,355.74625000000003,0.604,343.67083333333335,0.6055
2024-01-01 04:15:00,2024,1,1,4,15,0,0,0,24.94290394403931,88.86305465537109,4.856154153912856,0.0,331.87,0.0,52.97,278.89,0.16,0.616,0,439.5,2,0,1,1.365,0.1070085648517314,0.21117279024266056,0.22354878809421125,0.2588428600735961,0.1994269967378007,0.039780211880799506,0.1245571349044989,0.21983514883091984,0.3254521564718213,0.29037534791196046,-0.02583144979011953,0.05119453924914685,340.67,0.586,359.58,0.583,338.98,0.632,366.94,0.627,342.77500000000003,0.60425,350.53875,0.604375,343.93666666666667,0.6056666666666667
2024-01-01 04:30:00,2024,1,1,4,30,0,0,0,22.034927372402468,85.24887416049725,4.702521839168263,0.0,360.14,0.0,62.05,298.09,0.172,0.57,0,433.8,2,0,1,1.283,0.1070085648517314,0.21117279024266056,0.22354878809421125,0.2588428600735961,0.1994269967378007,0.039780211880799506,0.1245571349044989,0.21983514883091984,0.3254521564718213,0.29037534791196046,0.08518395757374875,-0.07467532467532478,331.87,0.616,340.67,0.586,359.58,0.583,338.98,0.632,348.065,0.58875,351.9925,0.59625,345.35833333333335,0.6044166666666667
2024-01-01 04:45:00,2024,1,1,4,45,0,0,0,21.588157579875038,78.49154020021257,5.025113003192538,0.0,331.7,0.0,63.21,268.49,0.191,0.627,0,428.6,2,0,1,1.396,0.1070085648517314,0.21117279024266056,0.22354878809421125,0.2588428600735961,0.1994269967378007,0.039780211880799506,0.1245571349044989,0.21983514883091984,0.3254521564718213,0.29037534791196046,-0.07896928972066419,0.10000000000000009,360.14,0.57,331.87,0.616,340.67,0.586,359.58,0.583,341.09499999999997,0.59975,349.55375000000004,0.6018749999999999,349.75,0.60475
2024-01-01 05:00:00,2024,1,1,5,0,0,0,0,23.384702857452353,73.62071765557278,5.670007938976466,0.0,344.09,0.0,71.36,272.73,0.207,0.631,0,422.2,2,0,1,1.37,0.1070085648517314,0.21117279024266056,0.22354878809421125,0.2588428600735961,0.1994269967378007,0.039780211880799506,0.1245571349044989,0.21983514883091984,0.3254521564718213,0.29037534791196046,0.037353029846246555,0.006379585326953707,331.7,0.627,360.14,0.57,331.87,0.616,340.67,0.586,341.95,0.611,346.74625,0.609,351.14750000000004,0.6063333333333333
2024-01-01 05:15:00,2024,1,1,5,15,0,0,0,22.222998271317984,83.0806397308221,5.053328768784488,0.0,355.39,0.0,55.79,299.6,0.157,0.594,0,410.8,2,0,1,1.283,0.1070085648517314,0.21117279024266056,0.22354878809421125,0.2588428600735961,0.1994269967378007,0.039780211880799506,0.1245571349044989,0.21983514883091984,0.3254521564718213,0.29037534791196046,0.032840245284663894,-0.058637083993660855,344.09,0.631,331.7,0.627,360.14,0.57,331.87,0.616,347.83,0.6054999999999999,345.3025,0.604875,349.6358333333333,0.60475
2024-01-01 05:30:00,2024,1,1,5,30,0,0,0,26.413297145812237,81.6348581699516,5.107345817004813,0.0,332.79,0.0,56.68,276.11,0.17,0.574,0,434.1,2,0,1,1.372,0.1070085648517314,0.21117279024266056,0.22354878809421125,0.2588428600735961,0.1994269967378007,0.039780211880799506,0.1245571349044989,0.21983514883091984,0.3254521564718213,0.29037534791196046,-0.0635921100762542,-0.03367003367003374,355.39,0.594,344.09,0.631,331.7,0.627,360.14,0.57,340.9925,0.6065,344.52875,0.5976250000000001,348.3258333333333,0.5996666666666667
2024-01-01 05:45:00,2024,1,1,5,45,0,0,0,21.899414902435556,84.73677244863539,5.4998013223280555,0.0,338.26,0.0,67.67,270.6,0.2,0.634,0,414.7,2,0,1,1.383,0.1070085648517314,0.21117279024266056,0.22354878809421125,0.2588428600735961,0.1994269967378007,0.039780211880799506,0.1245571349044989,0.21983514883091984,0.3254521564718213,0.29037534791196046,0.016436791970912523,0.1045296167247387,332.79,0.574,355.39,0.594,344.09,0.631,331.7,0.627,342.6325,0.60825,341.86375,0.604,347.24666666666667,0.604
2024-01-01 06:00:00,2024,1,1,6,0,0,0,0,26.613085153068113,78.38747336938093,5.382642287541399,0.0,523.84,0.0,65.58,458.26,0.125,0.914,0,444.6,3,0,0,0.889,0.1070085648517314,0.21117279024266056,0.22354878809421125,0.2588428600735961,0.1994269967378007,0.03922171091502242,0.11910071457710497,0.20562199641365067,0.32168261893769123,0.3143729591565308,0.5486312304144743,0.44164037854889604,338.26,0.634,332.79,0.574,355.39,0.594,344.09,0.631,387.57000000000005,0.679,364.76,0.645,360.3541666666667,0.6323333333333333
2024-01-01 06:15:00,2024,1,1,6,15,0,0,0,24.44313535918935,79.71616921256678,5.886559191074494,0.0,492.39,0.0,87.85,404.54,0.178,0.78,0,407.9,3,0,0,0.991,0.1070085648517314,0.21117279024266056,0.22354878809421125,0.2588428600735961,0.1994269967378007,0.03922171091502242,0.11910071457710497,0.20562199641365067,0.32168261893769123,0.3143729591565308,-0.0600374160048871,-0.14660831509846828,523.84,0.914,338.26,0.634,332.79,0.574,355.39,0.594,421.82,0.7254999999999999,384.825,0.6655,370.80833333333334,0.6450833333333333
2024-01-01 06:30:00,2024,1,1,6,30,0,0,0,27.9980066390968,68.2246448746929,5.193301902883007,0.0,500.79,0.0,69.2,431.59,0.138,0.723,0,423.9,3,0,0,0.937,0.1070085648517314,0.21117279024266056,0.22354878809421125,0.2588428600735961,0.1994269967378007,0.03922171091502242,0.11910071457710497,0.20562199641365067,0.32168261893769123,0.3143729591565308,0.017059647840126813,-0.07307692307692315,492.39,0.78,523.84,0.914,338.26,0.634,332.79,0.574,463.82,0.76275,402.40625,0.684625,384.2925,0.6526666666666667
2024-01-01 06:45:00,2024,1,1,6,45,0,0,0,27.97596819933125,83.44509096893549,4.9688719058526924,0.0,481.63,0.0,68.48,413.15,0.142,0.742,0,429.0,3,0,0,0.973,0.1070085648517314,0.21117279024266056,0.22354878809421125,0.2588428600735961,0.1994269967378007,0.03922171091502242,0.11910071457710497,0.20562199641365067,0.32168261893769123,0.3143729591565308,-0.038259549911140445,0.02627939142461977,500.79,0.723,492.39,0.78,523.84,0.914,338.26,0.634,499.6625,0.78975,421.1475,0.6990000000000001,394.46333333333337,0.6659166666666666
2024-01-01 07:00:00,2024,1,1,7,0,0,0,0,25.887479441787363,67.45587634086124,5.590859737448694,207.0552360820166,606.19,40.45,69.44,496.3,0.181,0.936,0,415.2,3,1,0,0.841,0.1070085648517314,0.21117279024266056,0.22354878809421125,0.2588428600735961,0.1994269967378007,0.03922171091502242,0.11910071457710497,0.20562199641365067,0.32168261893769123,0.3143729591565308,0.25862176359446054,0.261455525606469,481.63,0.742,500.79,0.723,492.39,0.78,523.84,0.914,520.25,0.79525,453.91,0.737125,416.59,0.6950833333333333
2024-01-01 07:15:00,2024,1,1,7,15,0,0,0,24.939382796755492,62.213696986129364,5.167450661545334,207.0552360820166,625.56,36.03,55.81,533.72,0.147,0.9,0,446.7,3,1,0,0.786,0.1070085648517314,0.21117279024266056,0.22354878809421125,0.2588428600735961,0.1994269967378007,0.03922171091502242,0.11910071457710497,0.20562199641365067,0.32168261893769123,0.3143729591565308,0.03195367788977044,-0.03846153846153855,606.19,0.936,481.63,0.742,500.79,0.723,492.39,0.78,553.5425,0.82525,487.68125,0.775375,441.0641666666666,0.71875
2024-01-01 07:30:00,2024,1,1,7,30,0,0,0,23.60177091260546,76.55492001169279,5.742591221534523,207.0552360820166,680.58,40.6,83.78,556.2,0.183,0.909,0,409.9,3,1,0,0.77,0.1070085648517314,0.21117279024266056,0.22354878809421125,0.2588428600735961,0.1994269967378007,0.03922171091502242,0.11910071457710497,0.20562199641365067,0.32168261893769123,0.3143729591565308,0.08795319393823142,0.010000000000000009,625.56,0.9,606.19,0.936,481.63,0.742,500.79,0.723,598.49,0.87175,531.155,0.81725,467.7675,0.747
2024-01-01 07:45:00,2024,1,1,7,45,0,0,0,22.568008236426415,65.37416098443286,5.575452826821295,207.0552360820166,636.32,36.13,77.45,522.73,0.179,0.904,0,434.1,3,1,0,0.807,0.1070085648517314,0.21117279024266056,0.22354878809421125,0.2588428600735961,0.1994269967378007,0.03922171091502242,0.11910071457710497,0.20562199641365067,0.32168261893769123,0.3143729591565308,-0.0650327661700314,-0.005500550055005493,680.58,0.909,625.56,0.9,606.19,0.936,481.63,0.742,637.1625,0.9122500000000001,568.4125,0.8510000000000001,493.1525,0.7700833333333333
2024-01-01 08:00:00,2024,1,1,8,0,0,0,0,24.484445634140535,71.74846527646336,4.077299680673506,399.99999999999994,608.67,79.3,49.59,479.77,0.212,0.892,0,415.8,4,1,0,0.869,0.1070085648517314,0.21117279024266056,0.22354878809421125,0.2588428600735961,0.1994269967378007,0.04859067808438501,0.10561048070770172,0.23223232894858487,0.34803416730076475,0.2655323449585637,-0.0434529796328893,-0.013274336283185861,636.32,0.904,680.58,0.909,625.56,0.9,606.19,0.936,637.7825,0.90125,579.01625,0.84825,515.2008333333333,0.7918333333333334
2024-01-01 08:15:00,2024,1,1,8,15,0,0,0,20.786208618647095,66.13266147197228,5.590494932275751,399.99999999999994,630.73,68.79,73.32,488.62,0.225,0.891,0,393.8,4,1,0,0.859,0.1070085648517314,0.21117279024266056,0.22354878809421125,0.2588428600735961,0.1994269967378007,0.04859067808438501,0.10561048070770172,0.23223232894858487,0.34803416730076475,0.2655323449585637,0.03624295595314386,-0.0011210762331838042,608.67,0.892,636.32,0.904,680.58,0.909,625.56,0.9,639.075,0.899,596.3087499999999,0.862125,538.1458333333334,0.8165833333333333
2024-01-01 08:30:00,2024,1,1,8,30,0,0,0,25.177228715509155,62.36317393856711,5.147610623683971,399.99999999999994,685.08,73.03,56.18,555.88,0.189,0.9,0,405.0,4,1,0,0.772,0.1070085648517314,0.21117279024266056,0.22354878809421125,0.2588428600735961,0.1994269967378007,0.04859067808438501,0.10561048070770172,0.23223232894858487,0.34803416730076475,0.2655323449585637,0.08616999349959564,0.010101010101010166,630.73,0.891,608.67,0.892,636.32,0.904,680.58,0.909,640.2,0.89675,619.345,0.88425,567.5033333333333,0.84375
2024-01-01 08:45:00,2024,1,1,8,45,0,0,0,24.849266416366486,73.77580011298271,4.2344514834877325,399.99999999999994,636.0,74.64,45.97,515.39,0.19,0.9,0,432.5,4,1,0,0.819,0.1070085648517314,0.21117279024266056,0.22354878809421125,0.2588428600735961,0.1994269967378007,0.04859067808438501,0.10561048070770172,0.23223232894858487,0.34803416730076475,0.2655323449585637,-0.07164126817306016,0.0,685.08,0.9,630.73,0.891,608.67,0.892,636.32,0.904,640.12,0.89575,638.6412499999999,0.9040000000000001,592.3149999999999,0.8659166666666667
2024-01-01 09:00:00,2024,1,1,9,0,0,0,0,19.267545454708664,67.67918849328993,3.622155834490061,565.685424949238,674.53,99.07,51.02,524.45,0.223,0.934,0,403.8,4,1,0,0.816,0.1070085648517314,0.21117279024266056,0.22354878809421125,0.2588428600735961,0.1994269967378007,0.04859067808438501,0.10561048070770172,0.23223232894858487,0.34803416730076475,0.2655323449585637,0.060581761006289314,0.03777777777777791,636.0,0.9,685.08,0.9,630.73,0.891,608.67,0.892,656.585,0.90625,647.18375,0.9037499999999999,604.8725000000001,0.8675833333333333
2024-01-01 09:15:00,2024,1,1,9,15,0,0,1,21.667131659959754,63.62344666815876,5.306690188869391,565.685424949238,508.89,94.1,64.27,350.52,0.311,0.782,0,353.2,4,1,0,1.097,0.1070085648517314,0.21117279024266056,0.22354878809421125,0.2588428600735961,0.1994269967378007,0.04859067808438501,0.10561048070770172,0.23223232894858487,0.34803416730076475,0.2655323449585637,-0.24556357760218228,-0.16274089935760172,674.53,0.934,636.0,0.9,685.08,0.9,630.73,0.891,626.125,0.879,632.5999999999999,0.889,606.2475000000001,0.86775
2024-01-01 09:30:00,2024,1,1,9,30,0,0,0,23.52160811550091,64.54003468677381,4.179108689823437,565.685424949238,662.35,100.59,56.5,505.26,0.237,0.92,0,376.0,4,1,0,0.841,0.1070085648517314,0.21117279024266056,0.22354878809421125,0.2588428600735961,0.1994269967378007,0.04859067808438501,0.10561048070770172,0.23223232894858487,0.34803416730076475,0.2655323449585637,0.30155829354084385,0.17647058823529416,508.89,0.782,674.53,0.934,636.0,0.9,685.08,0.9,620.4425,0.8840000000000001,630.32125,0.8903749999999999,619.7108333333334,0.8841666666666667
2024-01-01 09:45:00,2024,1,1,9,45,0,0,0,22.338802522560258,55.53381407128394,4.221165269580886,565.685424949238,629.57,97.69,57.79,474.08,0.247,0.87,0,370.5,4,1,0,0.882,0.1070085648517314,0.21117279024266056,0.22354878809421125,0.2588428600735961,0.1994269967378007,0.04859067808438501,0.10561048070770172,0.23223232894858487,0.34803416730076475,0.2655323449585637,-0.04949045066807578,-0.05434782608695654,662.35,0.92,508.89,0.782,674.53,0.934,636.0,0.9,618.835,0.8765,629.4775,0.8861249999999999,632.0391666666667,0.8948333333333335
2024-01-01 10:00:00,2024,1,1,10,0,0,0,0,18.660675645607537,49.83300402637434,3.230679092168841,692.8203230275509,482.51,119.32,45.83,317.36,0.342,0.859,0,355.4,5,0,0,1.171,0.1070085648517314,0.21117279024266056,0.22354878809421125,0.2588428600735961,0.1994269967378007,0.010077183524964874,0.14498012320993223,0.2434249397999392,0.3357770184373855,0.2657407350277782,-0.23358800451101558,-0.012643678160919603,629.57,0.87,662.35,0.92,508.89,0.782,674.53,0.934,570.83,0.85775,613.7075,0.882,621.7325000000001,0.8884166666666667
2024-01-01 10:15:00,2024,1,1,10,15,0,0,0,17.901268635543964,52.710654858099225,4.152571597420752,692.8203230275509,519.27,135.63,51.71,331.93,0.361,0.709,0,332.3,5,0,0,1.131,0.1070085648517314,0.21117279024266056,0.22354878809421125,0.2588428600735961,0.1994269967378007,0.010077183524964874,0.14498012320993223,0.2434249397999392,0.3357770184373855,0.2657407350277782,0.07618494953472466,-0.17462165308498256,482.51,0.859,629.57,0.87,662.35,0.92,508.89,0.782,573.4250000000001,0.8395,599.7750000000001,0.8592500000000001,612.875,0.8725
2024-01-01 10:30:00,2024,1,1,10,30,0,0,0,17.7580143207706,53.526646248955046,4.190942904387035,692.8203230275509,500.06,129.31,55.35,315.4,0.369,0.793,0,329.7,5,0,0,1.169,0.1070085648517314,0.21117279024266056,0.22354878809421125,0.2588428600735961,0.1994269967378007,0.010077183524964874,0.14498012320993223,0.2434249397999392,0.3357770184373855,0.2657407350277782,-0.03699424191653666,0.11847672778561358,519.27,0.709,482.51,0.859,629.57,0.87,662.35,0.92,532.8525,0.80775,576.6475,0.845875,597.8316666666667,0.8628333333333332
2024-01-01 10:45:00,2024,1,1,10,45,0,0,0,21.838607449763792,49.361398961697915,4.521890171779886,692.8203230275509,479.1,127.41,49.31,302.37,0.369,0.847,0,335.0,5,0,0,1.204,0.1070085648517314,0.21117279024266056,0.22354878809421125,0.2588428600735961,0.1994269967378007,0.010077183524964874,0.14498012320993223,0.2434249397999392,0.3357770184373855,0.2657407350277782,-0.041914970203575486,0.06809583858764179,500.06,0.793,519.27,0.709,482.51,0.859,629.57,0.87,495.23499999999996,0.802,557.035,0.83925,584.7299999999999,0.8580833333333334
2024-01-01 11:00:00,2024,1,1,11,0,0,0,0,17.36696645052197,49.29358769089979,3.9620017970274715,772.7406610312546,501.93,127.67,57.04,317.22,0.368,0.727,0,319.4,5,0,0,1.165,0.1070085648517314,0.21117279024266056,0.22354878809421125,0.2588428600735961,0.1994269967378007,0.010077183524964874,0.14498012320993223,0.2434249397999392,0.3357770184373855,0.2657407350277782,0.04765184721352522,-0.1416765053128689,479.1,0.847,500.06,0.793,519.27,0.709,482.51,0.859,500.09,0.769,535.46,0.8133750000000001,575.835,0.8443333333333333
2024-01-01 11:15:00,2024,1,1,11,15,0,0,0,18.423465188706523,52.321948437451,3.950128479296527,772.7406610312546,510.12,136.54,46.93,326.65,0.36,0.883,0,334.6,5,0,0,1.144,0.1070085648517314,0.21117279024266056,0.22354878809421125,0.2588428600735961,0.1994269967378007,0.010077183524964874,0.14498012320993223,0.2434249397999392,0.3357770184373855,0.2657407350277782,0.01631701631701632,0.21458046767537842,501.93,0.727,479.1,0.847,500.06,0.793,519.27,0.709,497.8025,0.8125,535.61375,0.8260000000000001,565.7841666666667,0.8436666666666667
2024-01-01 11:30:00,2024,1,1,11,30,0,0,0,15.019077225920697,40.61369828299351,3.968843896835177,772.7406610312546,512.01,130.92,56.95,324.13,0.367,0.858,0,347.3,5,0,0,1.148,0.1070085648517314,0.21117279024266056,0.22354878809421125,0.2588428600735961,0.1994269967378007,0.010077183524964874,0.14498012320993223,0.2434249397999392,0.3357770184373855,0.2657407350277782,0.0037050105857445725,-0.028312570781427016,510.12,0.883,501.93,0.727,479.1,0.847,500.06,0.793,500.78999999999996,0.82875,516.82125,0.81825,551.3616666666667,0.8401666666666667
2024-01-01 11:45:00,2024,1,1,11,45,0,0,0,17.438105952447277,54.14207349850601,3.030328116621009,772.7406610312546,496.82,126.56,44.91,325.35,0.345,0.781,0,344.9,5,0,0,1.15,0.1070085648517314,0.21117279024266056,0.22354878809421125,0.2588428600735961,0.1994269967378007,0.010077183524964874,0.14498012320993223,0.2434249397999392,0.3357770184373855,0.2657407350277782,-0.029667389308802528,-0.08974358974358965,512.01,0.858,510.12,0.883,501.93,0.727,479.1,0.847,505.22,0.8122499999999999,500.22749999999996,0.8071250000000001,539.7633333333333,0.8302499999999999
2024-01-01 12:00:00,2024,1,1,12,0,0,0,0,17.372859523667774,51.6040521612482,2.3664850331007745,800.0,451.08,128.58,29.05,293.45,0.349,0.845,0,335.3,6,0,0,1.236,0.30379651619146864,0.30791717906097316,0.2212099371300734,0.15718099187069934,0.009895375746785583,0.02431032115523629,0.14221881970375969,0.2202733556132624,0.3321669353743017,0.2810305681534399,-0.09206553681413798,0.08194622279129304,496.82,0.781,512.01,0.858,510.12,0.883,501.93,0.727,492.5075,0.84175,496.29875000000004,0.8053750000000001,521.1425,0.8228333333333334
2024-01-01 12:15:00,2024,1,1,12,15,0,0,0,14.97991199387197,38.683673451842594,3.2343446541496332,800.0,412.27,137.04,42.54,232.68,0.436,0.799,0,320.6,6,0,0,1.406,0.30379651619146864,0.30791717906097316,0.2212099371300734,0.15718099187069934,0.009895375746785583,0.02431032115523629,0.14221881970375969,0.2202733556132624,0.3321669353743017,0.2810305681534399,-0.08603795335638909,-0.05443786982248511,451.08,0.845,496.82,0.781,512.01,0.858,510.12,0.883,468.04499999999996,0.82075,482.92375000000004,0.8166249999999999,513.0908333333333,0.82425
2024-01-01 12:30:00,2024,1,1,12,30,0,0,0,15.371652309119241,55.74562548299218,2.688713065440493,800.0,453.35,132.6,32.58,288.17,0.364,0.797,0,334.4,6,0,0,1.247,0.30379651619146864,0.30791717906097316,0.2212099371300734,0.15718099187069934,0.009895375746785583,0.02431032115523629,0.14221881970375969,0.2202733556132624,0.3321669353743017,0.2810305681534399,0.09964343755305993,-0.0025031289111389077,412.27,0.799,451.08,0.845,496.82,0.781,512.01,0.858,453.38,0.8055,477.08500000000004,0.817125,495.6741666666666,0.8140000000000001
2024-01-01 12:45:00,2024,1,1,12,45,0,0,0,12.354077923194279,54.60124662235908,2.821895597669058,800.0,436.64,128.43,39.03,269.18,0.384,0.853,0,337.0,6,0,0,1.3,0.30379651619146864,0.30791717906097316,0.2212099371300734,0.15718099187069934,0.009895375746785583,0.02431032115523629,0.14221881970375969,0.2202733556132624,0.3321669353743017,0.2810305681534399,-0.03685893900959536,0.07026348808030103,453.35,0.797,412.27,0.799,451.08,0.845,496.82,0.781,438.335,0.8234999999999999,471.7775,0.817875,479.59666666666664,0.8125833333333333
2024-01-01 13:00:00,2024,1,1,13,0,0,0,0,14.177667737216902,45.40135455334956,1.837427753439909,772.7406610312546,441.04,133.88,24.18,282.98,0.358,0.705,0,341.0,6,0,0,1.265,0.30379651619146864,0.30791717906097316,0.2212099371300734,0.15718099187069934,0.009895375746785583,0.02431032115523629,0.14221881970375969,0.2202733556132624,0.3321669353743017,0.2810305681534399,0.010076951264199385,-0.17350527549824157,436.64,0.853,453.35,0.797,412.27,0.799,451.08,0.845,435.825,0.7885,464.16625,0.815125,476.1408333333333,0.79975
2024-01-01 13:15:00,2024,1,1,13,15,0,0,0,14.147729399103156,34.240987287409716,1.974991894818956,772.7406610312546,477.02,130.52,28.26,318.23,0.333,0.742,0,340.0,6,0,0,1.171,0.30379651619146864,0.30791717906097316,0.2212099371300734,0.15718099187069934,0.009895375746785583,0.02431032115523629,0.14221881970375969,0.2202733556132624,0.3321669353743017,0.2810305681534399,0.08157990204970056,0.052482269503546064,441.04,0.705,436.64,0.853,453.35,0.797,412.27,0.799,452.0125,0.77425,460.02875,0.7975,472.62000000000006,0.8024999999999999
2024-01-01 13:30:00,2024,1,1,13,30,0,0,0,15.26909946314999,48.827027297602456,2.6183757598285173,772.7406610312546,476.27,134.63,38.48,303.17,0.363,0.858,0,328.0,6,0,0,1.203,0.30379651619146864,0.30791717906097316,0.2212099371300734,0.15718099187069934,0.009895375746785583,0.02431032115523629,0.14221881970375969,0.2202733556132624,0.3321669353743017,0.2810305681534399,-0.001572261121126961,0.15633423180592998,477.02,0.742,441.04,0.705,436.64,0.853,453.35,0.797,457.74249999999995,0.7895,455.56125,0.7975,470.6375,0.8079166666666667
2024-01-01 13:45:00,2024,1,1,13,45,0,0,0,15.378996185680307,39.05505032617952,1.515422223347737,772.7406610312546,404.66,137.9,21.02,245.73,0.393,0.849,0,342.5,6,0,0,1.381,0.30379651619146864,0.30791717906097316,0.2212099371300734,0.15718099187069934,0.009895375746785583,0.02431032115523629,0.14221881970375969,0.2202733556132624,0.3321669353743017,0.2810305681534399,-0.1503558905662753,-0.010489510489510523,476.27,0.858,477.02,0.742,441.04,0.705,436.64,0.853,449.7475,0.7885,444.04125,0.806,464.43416666666667,0.8080833333333333
2024-01-01 14:00:00,2024,1,1,14,0,0,0,0,10.562236897616826,42.83276597385388,2.254102961712009,692.820323027551,446.42,124.53,30.67,291.23,0.348,0.799,0,355.6,7,0,0,1.244,0.30379651619146864,0.30791717906097316,0.2212099371300734,0.15718099187069934,0.009895375746785583,0.010074439725568781,0.11570002734437777,0.19769437680439958,0.3635414859070009,0.31298967021865304,0.10319774625611622,-0.058892815076560634,404.66,0.849,476.27,0.858,477.02,0.742,441.04,0.705,451.09250000000003,0.812,443.45875,0.80025,459.80833333333334,0.8140833333333334
2024-01-01 14:15:00,2024,1,1,14,15,0,0,0,8.215127783197016,44.88910185886626,2.5680830092728226,692.820323027551,427.11,117.55,33.39,276.17,0.353,0.773,0,348.8,7,0,0,1.29,0.30379651619146864,0.30791717906097316,0.2212099371300734,0.15718099187069934,0.009895375746785583,0.010074439725568781,0.11570002734437777,0.19769437680439958,0.3635414859070009,0.31298967021865304,-0.04325523050042557,-0.03254067584480602,446.42,0.799,404.66,0.849,476.27,0.858,477.02,0.742,438.615,0.81975,445.31374999999997,0.797,452.8908333333334,0.8049166666666666
2024-01-01 14:30:00,2024,1,1,14,30,0,0,1,11.078377148946375,49.33985272066833,1.71234514990166,692.820323027551,341.26,115.61,22.83,202.82,0.406,0.704,0,309.8,7,0,0,1.578,0.30379651619146864,0.30791717906097316,0.2212099371300734,0.15718099187069934,0.009895375746785583,0.010074439725568781,0.11570002734437777,0.19769437680439958,0.3635414859070009,0.31298967021865304,-0.2010020837723303,-0.0892626131953429,427.11,0.773,446.42,0.799,404.66,0.849,476.27,0.858,404.8625,0.78125,431.3025,0.7853749999999999,438.66166666666663,0.7920833333333333
2024-01-01 14:45:00,2024,1,1,14,45,0,0,0,11.28851998692641,38.19590157155923,1.026570172766188,692.820323027551,499.5,131.63,11.37,356.51,0.286,0.748,0,379.5,7,0,0,1.087,0.30379651619146864,0.30791717906097316,0.2212099371300734,0.15718099187069934,0.009895375746785583,0.010074439725568781,0.11570002734437777,0.19769437680439958,0.3635414859070009,0.31298967021865304,0.46369337162280955,0.0625,341.26,0.704,427.11,0.773,446.42,0.799,404.66,0.849,428.5725,0.756,439.16,0.77225,438.885,0.7893333333333334
2024-01-01 15:00:00,2024,1,1,15,0,0,0,0,5.783654350189814,33.586771809350324,1.192436227333669,565.685424949238,504.13,112.2,13.27,378.67,0.249,0.773,0,381.3,7,0,0,1.042,0.30379651619146864,0.30791717906097316,0.2212099371300734,0.15718099187069934,0.009895375746785583,0.010074439725568781,0.11570002734437777,0.19769437680439958,0.3635414859070009,0.31298967021865304,0.009269269269269298,0.03342245989304815,499.5,0.748,341.26,0.704,427.11,0.773,446.42,0.799,443.0,0.7494999999999999,447.04625,0.7807499999999999,443.30583333333334,0.7833333333333333
2024-01-01 15:15:00,2024,1,1,15,15,0,0,1,10.886280653767503,30.941543719109752,1.6886089896635228,565.685424949238,386.96,108.99,25.31,252.65,0.347,0.7,0,335.5,7,0,0,1.381,0.30379651619146864,0.30791717906097316,0.2212099371300734,0.15718099187069934,0.009895375746785583,0.010074439725568781,0.11570002734437777,0.19769437680439958,0.3635414859070009,0.31298967021865304,-0.2324202090730566,-0.09443725743855114,504.13,0.773,499.5,0.748,341.26,0.704,427.11,0.773,432.9625,0.73125,435.78875,0.7755,441.19666666666666,0.7750833333333333
2024-01-01 15:30:00,2024,1,1,15,30,0,0,0,5.053323580169423,40.83351091174074,1.7725195408545875,565.685424949238,493.77,110.25,19.45,364.07,0.263,0.86,0,369.0,7,0,0,1.073,0.30379651619146864,0.30791717906097316,0.2212099371300734,0.15718099187069934,0.009895375746785583,0.010074439725568781,0.11570002734437777,0.19769437680439958,0.3635414859070009,0.31298967021865304,0.276023361587761,0.22857142857142865,386.96,0.7,504.13,0.773,499.5,0.748,341.26,0.704,471.09000000000003,0.77025,437.97625,0.77575,444.56500000000005,0.7803333333333332
2024-01-01 15:45:00,2024,1,1,15,45,0,0,0,10.743459411988166,32.26887428215348,1.0091117320166503,565.685424949238,492.72,108.89,12.83,371.01,0.247,0.89,0,381.6,7,0,0,1.059,0.30379651619146864,0.30791717906097316,0.2212099371300734,0.15718099187069934,0.009895375746785583,0.010074439725568781,0.11570002734437777,0.19769437680439958,0.3635414859070009,0.31298967021865304,-0.002126496141928391,0.03488372093023262,493.77,0.86,386.96,0.7,504.13,0.773,499.5,0.748,469.395,0.8057500000000001,448.98375,0.780875,449.2383333333333,0.7834166666666667
2024-01-01 16:00:00,2024,1,1,16,0,0,0,0,6.632242072055054,46.45836222958374,0.5519346132073681,399.99999999999994,499.42,76.53,6.02,416.87,0.165,0.843,0,432.6,8,0,0,0.966,0.30379651619146864,0.30791717906097316,0.2212099371300734,0.15718099187069934,0.009895375746785583,0.009584930105863546,0.08982597320640898,0.2362862716830535,0.3600876602065486,0.30421516479812555,0.01359798668615042,-0.05280898876404494,492.72,0.89,493.77,0.86,386.96,0.7,504.13,0.773,468.2175,0.82325,455.60875000000004,0.7863749999999999,454.1033333333333,0.7949166666666666
2024-01-01 16:15:00,2024,1,1,16,15,0,0,0,8.048349841283855,48.211212483588476,1.1873308223193213,399.99999999999994,491.4,66.8,14.33,410.27,0.165,0.825,0,418.6,8,0,0,0.979,0.30379651619146864,0.30791717906097316,0.2212099371300734,0.15718099187069934,0.009895375746785583,0.009584930105863546,0.08982597320640898,0.2362862716830535,0.3600876602065486,0.30421516479812555,-0.016058628008489895,-0.02135231316725983,499.42,0.843,492.72,0.89,493.77,0.86,386.96,0.7,494.3275,0.8544999999999999,463.645,0.792875,455.3016666666667,0.8018333333333333
2024-01-01 16:30:00,2024,1,1,16,30,0,0,0,7.558514148594187,31.23995505561633,1.7113071878529236,399.99999999999994,477.31,77.85,23.02,376.44,0.211,0.773,0,385.8,8,0,0,1.049,0.30379651619146864,0.30791717906097316,0.2212099371300734,0.15718099187069934,0.009895375746785583,0.009584930105863546,0.08982597320640898,0.2362862716830535,0.3600876602065486,0.30421516479812555,-0.028673178673178645,-0.06303030303030299,491.4,0.825,499.42,0.843,492.72,0.89,493.77,0.86,490.2125,0.83275,480.65125,0.8015,455.3883333333333,0.7947500000000001
2024-01-01 16:45:00,2024,1,1,16,45,0,0,0,8.111721391726888,32.251308149932356,0.7983587235089267,399.99999999999994,516.8,68.16,8.84,439.8,0.149,0.741,0,418.6,8,0,0,0.923,0.30379651619146864,0.30791717906097316,0.2212099371300734,0.15718099187069934,0.009895375746785583,0.009584930105863546,0.08982597320640898,0.2362862716830535,0.3600876602065486,0.30421516479812555,0.0827344912111625,-0.04139715394566623,477.31,0.773,491.4,0.825,499.42,0.843,492.72,0.89,496.2325,0.7955,482.81374999999997,0.800625,464.73333333333335,0.7857500000000001
2024-01-01 17:00:00,2024,1,1,17,0,0,0,0,4.103218022180976,50.187030861320025,0.33826621716137706,207.05523608201682,700.0,37.52,4.91,657.57,0.061,0.875,0,487.7,8,1,0,0.632,0.30379651619146864,0.30791717906097316,0.2212099371300734,0.15718099187069934,0.009895375746785583,0.009584930105863546,0.08982597320640898,0.2362862716830535,0.3600876602065486,0.30421516479812555,0.3544891640866874,0.18083670715249656,516.8,0.741,477.31,0.773,491.4,0.825,499.42,0.843,546.3775,0.8035,507.2975,0.8133750000000001,485.865,0.7920833333333334
2024-01-01 17:15:00,2024,1,1,17,15,0,0,0,4.448857327703108,45.187290494346456,1.0353770081525147,207.05523608201682,676.06,39.55,14.67,621.84,0.08,0.869,0,477.9,8,1,0,0.672,0.30379651619146864,0.30791717906097316,0.2212099371300734,0.15718099187069934,0.009895375746785583,0.009584930105863546,0.08982597320640898,0.2362862716830535,0.3600876602065486,0.30421516479812555,-0.03420000000000012,-0.006857142857142895,700.0,0.875,516.8,0.741,477.31,0.773,491.4,0.825,592.5425,0.8145,543.435,0.8345,506.61083333333335,0.8000833333333333
2024-01-01 17:30:00,2024,1,1,17,30,0,0,1,8.133016316062795,47.210019664566616,1.0686812799761083,207.05523608201682,491.56,37.17,12.32,442.07,0.101,0.861,0,466.0,8,1,0,0.914,0.30379651619146864,0.30791717906097316,0.2212099371300734,0.15718099187069934,0.009895375746785583,0.009584930105863546,0.08982597320640898,0.2362862716830535,0.3600876602065486,0.30421516479812555,-0.2729047717658195,-0.009205983889528202,676.06,0.869,700.0,0.875,516.8,0.741,477.31,0.773,596.105,0.8365,543.15875,0.834625,519.1358333333334,0.8131666666666667
2024-01-01 17:45:00,2024,1,1,17,45,0,0,0,2.681534725518669,44.95859472270847,1.7304068723529735,207.05523608201682,604.01,36.98,22.72,544.3,0.099,0.717,0,446.7,8,1,0,0.761,0.30379651619146864,0.30791717906097316,0.2212099371300734,0.15718099187069934,0.009895375746785583,0.009584930105863546,0.08982597320640898,0.2362862716830535,0.3600876602065486,0.30421516479812555,0.22876149401904144,-0.16724738675958195,491.56,0.861,676.06,0.869,700.0,0.875,516.8,0.741,617.9075,0.8305,557.0699999999999,0.813,527.845,0.8105833333333333
2024-01-01 18:00:00,2024,1,1,18,0,0,0,0,4.688205381228637,37.27392771306689,1.9547803194893256,9.797174393178826e-14,677.2,0.0,26.04,651.16,0.038,0.842,0,483.7,9,1,0,0.629,0.30379651619146864,0.30791717906097316,0.2212099371300734,0.15718099187069934,0.009895375746785583,0.04147482792310389,0.14144772976272357,0.1815117471271709,0.3082415312579661,0.32732416392903546,0.12117349050512427,0.1743375174337518,604.01,0.717,491.56,0.861,676.06,0.869,700.0,0.875,612.2075,0.8222499999999999,579.2925,0.812875,542.2675,0.8163333333333332
2024-01-01 18:15:00,2024,1,1,18,15,0,0,1,4.403420176152607,46.39687140691978,1.2963301593692154,9.797174393178826e-14,555.23,0.0,15.77,539.46,0.028,0.874,0,473.1,9,1,0,0.749,0.30379651619146864,0.30791717906097316,0.2212099371300734,0.15718099187069934,0.009895375746785583,0.04147482792310389,0.14144772976272357,0.1815117471271709,0.3082415312579661,0.32732416392903546,-0.18010927347903138,0.038004750593824355,677.2,0.842,604.01,0.717,491.56,0.861,676.06,0.869,582.0,0.8235,587.27125,0.819,556.29,0.8308333333333334
2024-01-01 18:30:00,2024,1,1,18,30,0,0,0,2.9791939542535206,52.29221438567384,1.6583707438104636,9.797174393178826e-14,604.51,0.0,22.51,582.0,0.037,0.733,0,503.1,9,1,0,0.699,0.30379651619146864,0.30791717906097316,0.2212099371300734,0.15718099187069934,0.009895375746785583,0.04147482792310389,0.14144772976272357,0.1815117471271709,0.3082415312579661,0.32732416392903546,0.088756011022459,-0.16132723112128144,555.23,0.874,677.2,0.842,604.01,0.717,491.56,0.861,610.2375,0.7915,603.17125,0.8140000000000001,565.5183333333333,0.82025
2024-01-01 18:45:00,2024,1,1,18,45,0,0,0,6.844083378955923,49.07233129847088,1.813631837191155,9.797174393178826e-14,619.76,0.0,21.71,598.05,0.035,0.84,0,471.3,9,1,0,0.68,0.30379651619146864,0.30791717906097316,0.2212099371300734,0.15718099187069934,0.009895375746785583,0.04147482792310389,0.14144772976272357,0.1815117471271709,0.3082415312579661,0.32732416392903546,0.025227043390514625,0.145975443383356,604.51,0.733,555.23,0.874,677.2,0.842,604.01,0.717,614.175,0.8222499999999999,616.04125,0.826375,576.105,0.8160833333333333
2024-01-01 19:00:00,2024,1,1,19,0,0,0,0,4.781731945491539,41.1137489890747,0.40255132076428146,0.0,691.41,0.0,4.39,687.02,0.006,0.71,0,507.5,9,1,0,0.585,0.30379651619146864,0.30791717906097316,0.2212099371300734,0.15718099187069934,0.009895375746785583,0.04147482792310389,0.14144772976272357,0.1815117471271709,0.3082415312579661,0.32732416392903546,0.11560926810378214,-0.15476190476190477,619.76,0.84,604.51,0.733,555.23,0.874,677.2,0.842,617.7275,0.78925,614.9675,0.80575,592.1041666666666,0.805
2024-01-01 19:15:00,2024,1,1,19,15,0,0,0,3.496707069303512,46.675540217047065,0.4402822773241293,0.0,606.24,0.0,5.78,600.46,0.01,0.716,0,497.5,9,1,0,0.669,0.30379651619146864,0.30791717906097316,0.2212099371300734,0.15718099187069934,0.009895375746785583,0.04147482792310389,0.14144772976272357,0.1815117471271709,0.3082415312579661,0.32732416392903546,-0.12318306070204355,0.008450704225352101,691.41,0.71,619.76,0.84,604.51,0.733,555.23,0.874,630.48,0.7497499999999999,606.24,0.7866249999999999,601.6741666666666,0.7959166666666667
2024-01-01 19:30:00,2024,1,1,19,30,0,0,0,8.101655504493753,55.08966140957347,1.980838081269939,0.0,626.25,0.0,27.67,598.57,0.044,0.899,0,471.3,9,1,0,0.683,0.30379651619146864,0.30791717906097316,0.2212099371300734,0.15718099187069934,0.009895375746785583,0.04147482792310389,0.14144772976272357,0.1815117471271709,0.3082415312579661,0.32732416392903546,0.03300673000791754,0.255586592178771,606.24,0.716,691.41,0.71,619.76,0.84,604.51,0.733,635.915,0.79125,623.07625,0.7913749999999999,614.0858333333333,0.8064166666666667
2024-01-01 19:45:00,2024,1,1,19,45,0,0,0,7.10067728858392,44.06160065981775,1.2650533920663078,0.0,652.89,0.0,17.37,635.51,0.027,0.745,0,497.7,9,1,0,0.639,0.30379651619146864,0.30791717906097316,0.2212099371300734,0.15718099187069934,0.009895375746785583,0.04147482792310389,0.14144772976272357,0.1815117471271709,0.3082415312579661,0.32732416392903546,0.04253892215568866,-0.17130144605116804,626.25,0.899,606.24,0.716,691.41,0.71,619.76,0.84,644.1975,0.7675,629.18625,0.7948749999999999,625.4266666666666,0.80675
2024-01-01 20:00:00,2024,1,1,20,0,0,0,0,8.640417350598305,55.34069198954158,2.1760369299158917,0.0,510.07,0.0,24.19,485.88,0.047,0.856,0,467.0,10,0,0,0.832,0.30379651619146864,0.30791717906097316,0.2212099371300734,0.15718099187069934,0.009895375746785583,0.010388954776135977,0.13314608782771015,0.18491414283225857,0.3167839051913604,0.3547669093725349,-0.21875047864111874,0.148993288590604,652.89,0.745,626.25,0.899,606.24,0.716,691.41,0.71,598.8625000000001,0.804,608.295,0.7966249999999999,609.5991666666666,0.8051666666666666
2024-01-01 20:15:00,2024,1,1,20,15,0,0,0,4.672153100400827,53.9237511733985,1.4480229679109602,0.0,507.15,0.0,19.34,487.81,0.038,0.75,0,485.9,10,0,0,0.827,0.30379651619146864,0.30791717906097316,0.2212099371300734,0.15718099187069934,0.009895375746785583,0.010388954776135977,0.13314608782771015,0.18491414283225857,0.3167839051913604,0.3547669093725349,-0.005724704452330087,-0.12383177570093451,510.07,0.856,652.89,0.745,626.25,0.899,606.24,0.716,574.0899999999999,0.8125,602.285,0.7811250000000001,595.5233333333333,0.7952499999999999
2024-01-01 20:30:00,2024,1,1,20,30,0,0,0,5.076462479098442,63.355349496935304,1.3517164274635591,0.0,505.33,0.0,14.39,490.94,0.028,0.814,0,471.3,10,0,0,0.82,0.30379651619146864,0.30791717906097316,0.2212099371300734,0.15718099187069934,0.009895375746785583,0.010388954776135977,0.13314608782771015,0.18491414283225857,0.3167839051913604,0.3547669093725349,-0.0035886818495514117,0.08533333333333326,507.15,0.75,510.07,0.856,652.89,0.745,626.25,0.899,543.8599999999999,0.7912499999999999,589.8874999999999,0.7912499999999999,596.6708333333333,0.7913333333333332
2024-01-01 20:45:00,2024,1,1,20,45,0,0,0,5.755463188181192,45.3695174745653,2.198723075913424,0.0,493.66,0.0,27.67,465.98,0.056,0.808,0,488.1,10,0,0,0.866,0.30379651619146864,0.30791717906097316,0.2212099371300734,0.15718099187069934,0.009895375746785583,0.010388954776135977,0.13314608782771015,0.18491414283225857,0.3167839051913604,0.3547669093725349,-0.023093819880078303,-0.0073710073710072654,505.33,0.814,507.15,0.75,510.07,0.856,652.89,0.745,504.0525,0.807,574.125,0.78725,587.475,0.7989166666666666
2024-01-01 21:00:00,2024,1,1,21,0,0,0,0,5.047512761776363,58.124749533038425,1.0285875249837473,0.0,486.63,0.0,15.07,471.57,0.031,0.875,0,480.5,10,0,0,0.853,0.30379651619146864,0.30791717906097316,0.2212099371300734,0.15718099187069934,0.009895375746785583,0.010388954776135977,0.13314608782771015,0.18491414283225857,0.3167839051913604,0.3547669093725349,-0.014240570433091682,0.08292079207920788,493.66,0.808,505.33,0.814,507.15,0.75,510.07,0.856,498.1925,0.81175,548.5275,0.807875,571.5941666666666,0.8016666666666666
2024-01-01 21:15:00,2024,1,1,21,15,0,0,1,5.416109501545385,58.87596444762298,1.7188914383996918,0.0,404.2,0.0,19.61,384.59,0.049,0.837,0,475.7,10,0,0,1.038,0.30379651619146864,0.30791717906097316,0.2212099371300734,0.15718099187069934,0.009895375746785583,0.010388954776135977,0.13314608782771015,0.18491414283225857,0.3167839051913604,0.3547669093725349,-0.1693894745494524,-0.04342857142857148,486.63,0.875,493.66,0.808,505.33,0.814,507.15,0.75,472.455,0.8334999999999999,523.2725,0.823,559.0083333333333,0.7985833333333332
2024-01-01 21:30:00,2024,1,1,21,30,0,0,0,9.989933560033684,67.9377114877803,1.6367439016949108,0.0,476.37,0.0,20.09,456.29,0.042,0.771,0,491.3,10,0,0,0.882,0.30379651619146864,0.30791717906097316,0.2212099371300734,0.15718099187069934,0.009895375746785583,0.010388954776135977,0.13314608782771015,0.18491414283225857,0.3167839051913604,0.3547669093725349,0.17855022266204856,-0.07885304659498205,404.2,0.837,486.63,0.875,493.66,0.808,505.33,0.814,465.21500000000003,0.8227500000000001,504.53749999999997,0.807,548.33,0.8017500000000001
2024-01-01 21:45:00,2024,1,1,21,45,0,0,0,9.014329062880986,55.71435038999157,1.892305452295983,0.0,485.34,0.0,20.29,465.05,0.042,0.77,0,481.6,10,0,0,0.866,0.30379651619146864,0.30791717906097316,0.2212099371300734,0.15718099187069934,0.009895375746785583,0.010388954776135977,0.13314608782771015,0.18491414283225857,0.3167839051913604,0.3547669093725349,0.018829901127275006,-0.0012970168612191912,476.37,0.771,404.2,0.837,486.63,0.875,493.66,0.808,463.135,0.81325,483.59375,0.810125,537.1283333333333,0.7959166666666667
2024-01-01 22:00:00,2024,1,1,22,0,0,0,0,10.064451824249533,65.20547440921113,1.2642772984574282,0.0,475.86,0.0,13.75,462.11,0.029,0.819,0,479.2,11,0,0,0.869,0.30379651619146864,0.30791717906097316,0.2212099371300734,0.15718099187069934,0.009895375746785583,0.031658754264960544,0.1744466236803659,0.1731672761951246,0.3244580930254844,0.29626925283406463,-0.019532698726665743,0.06363636363636349,485.34,0.77,476.37,0.771,404.2,0.837,486.63,0.875,460.4425,0.79925,479.3175,0.8055000000000001,519.1658333333334,0.805
2024-01-01 22:15:00,2024,1,1,22,15,0,0,0,10.432917471216731,64.00872253967233,1.258114657174332,0.0,503.2,0.0,14.03,489.18,0.028,0.817,0,500.7,11,0,0,0.823,0.30379651619146864,0.30791717906097316,0.2212099371300734,0.15718099187069934,0.009895375746785583,0.031658754264960544,0.1744466236803659,0.1731672761951246,0.3244580930254844,0.29626925283406463,0.05745387298785354,-0.0024420024420024333,475.86,0.819,485.34,0.77,476.37,0.771,404.2,0.837,485.1925,0.79425,478.82375,0.813875,510.5791666666667,0.8134166666666668
2024-01-01 22:30:00,2024,1,1,22,30,0,0,0,12.135406938967819,68.9863544207281,2.1392965405230293,0.0,493.31,0.0,25.92,467.38,0.053,0.744,0,485.4,11,0,0,0.863,0.30379651619146864,0.30791717906097316,0.2212099371300734,0.15718099187069934,0.009895375746785583,0.031658754264960544,0.1744466236803659,0.1731672761951246,0.3244580930254844,0.29626925283406463,-0.019654213036566004,-0.08935128518971847,503.2,0.817,475.86,0.819,485.34,0.77,476.37,0.771,489.4275,0.7874999999999999,477.32125,0.8051250000000001,499.50083333333333,0.8005
2024-01-01 22:45:00,2024,1,1,22,45,0,0,0,12.976669676916496,68.74430549717985,2.7932209875583522,0.0,482.32,0.0,38.79,443.54,0.08,0.805,0,479.1,11,0,0,0.91,0.30379651619146864,0.30791717906097316,0.2212099371300734,0.15718099187069934,0.009895375746785583,0.031658754264960544,0.1744466236803659,0.1731672761951246,0.3244580930254844,0.29626925283406463,-0.02227808072003412,0.081989247311828,493.31,0.744,503.2,0.817,475.86,0.819,485.34,0.77,488.6725,0.79625,475.90375,0.80475,485.28666666666663,0.8055
2024-01-01 23:00:00,2024,1,1,23,0,0,0,1,10.49632968780059,76.94158627350122,2.8614564090972614,0.0,411.24,0.0,42.5,368.74,0.103,0.71,0,446.3,11,0,0,1.076,0.30379651619146864,0.30791717906097316,0.2212099371300734,0.15718099187069934,0.009895375746785583,0.031658754264960544,0.1744466236803659,0.1731672761951246,0.3244580930254844,0.29626925283406463,-0.14737103997346157,-0.11801242236024856,482.32,0.805,493.31,0.744,503.2,0.817,475.86,0.819,472.51750000000004,0.7689999999999999,466.47999999999996,0.784125,477.0508333333334,0.7933333333333333
2024-01-01 23:15:00,2024,1,1,23,15,0,0,0,14.443416877737857,73.4375889874986,2.016791821962538,0.0,504.01,0.0,23.91,480.1,0.047,0.779,0,485.3,11,0,0,0.841,0.30379651619146864,0.30791717906097316,0.2212099371300734,0.15718099187069934,0.009895375746785583,0.031658754264960544,0.1744466236803659,0.1731672761951246,0.3244580930254844,0.29626925283406463,0.22558603248711218,0.09718309859154939,411.24,0.71,482.32,0.805,493.31,0.744,503.2,0.817,472.72,0.7595000000000001,478.95625,0.776875,476.78916666666663,0.79575
2024-01-01 23:30:00,2024,1,1,23,30,0,0,0,14.050939982580088,69.25830450256703,3.1600712801493596,0.0,491.86,0.0,37.89,453.97,0.077,0.768,0,447.7,11,0,0,0.89,0.30379651619146864,0.30791717906097316,0.2212099371300734,0.15718099187069934,0.009895375746785583,0.031658754264960544,0.1744466236803659,0.1731672761951246,0.3244580930254844,0.29626925283406463,-0.024106664550306522,-0.014120667522464658,504.01,0.779,411.24,0.71,482.32,0.805,493.31,0.744,472.3575,0.7655000000000001,480.89250000000004,0.7765,475.6666666666667,0.7919166666666667
2024-01-01 23:45:00,2024,1,1,23,45,0,0,0,10.175705731113409,73.58154116195948,2.590860513174511,0.0,477.28,0.0,31.33,445.96,0.066,0.83,0,479.7,11,0,0,0.904,0.30379651619146864,0.30791717906097316,0.2212099371300734,0.15718099187069934,0.009895375746785583,0.031658754264960544,0.1744466236803659,0.1731672761951246,0.3244580930254844,0.29626925283406463,-0.029642581222299125,0.08072916666666652,491.86,0.768,504.01,0.779,411.24,0.71,482.32,0.805,471.0975,0.77175,479.885,0.784,474.3016666666667,0.7937500000000001
